--
-- PostgreSQL database dump
--

-- Dumped from database version 11.3
-- Dumped by pg_dump version 11.3

SET statement_timeout = 0;
SET lock_timeout = 0;
SET idle_in_transaction_session_timeout = 0;
SET client_encoding = 'UTF8';
SET standard_conforming_strings = on;
SELECT pg_catalog.set_config('search_path', '', false);
SET check_function_bodies = false;
SET xmloption = content;
SET client_min_messages = warning;
SET row_security = off;

--
-- Data for Name: user; Type: TABLE DATA; Schema: public; Owner: postgres
--

COPY public."user" (id, username, password, email, registered_on) FROM stdin;
1	yyy	yyy	yyy@gmail.com	2020-04-15 16:29:30.09494
\.


--
-- Data for Name: general_txt; Type: TABLE DATA; Schema: public; Owner: postgres
--

COPY public.general_txt (id, author_id, type, h_name, e_name, gt_type, class_name, title, body, "default", color_txt, color, selected, hide) FROM stdin;
22	1	destination	\N	\N	\N	\N	Dst 111 Elementary English Public	Dst 111 	f	\N	\N	f	f
8	1	status	סטאטוס	סטאטוס	Status	Status	Not assigned yet	עדיין לא הושם לתלמיד	f	lred	#ffcccc	f	f
9	1	status	סטאטוס	סטאטוס	Status	Status	Not achieved yet	עדין לא הושג	f	red	#ff0000	f	f
10	1	status	סטאטוס	Status	Status	Status	Acieved	הושג	f	green	#00b300	f	f
23	1	destination	\N	\N	\N	\N	dst 222 elementry english public 	dst 222	f	\N	\N	f	f
19	1	age_range	קבוצת גיל	Age range	Age_range	Age_range	Elementary	יסודי 	t	black	#000000	f	f
21	1	scrt	רמת אבטחה	Security level	Scrt	Scrt	Public	ציבורי	t	black	#000000	f	f
24	1	accupation	תפקיד	Accupation	Accupation	Accupation	Teacher	מורה	t	black	#000000	f	f
14	1	subject	תחום עיניין	Subject	Subject	Subject	Computers	מחשבים	f	black	#000000	f	f
16	1	profile	None	None	\N	None	222s Profile	222	f	None	#000000	f	f
25	1	subject	\N	\N	Subject	\N	Comuter gsmes	הילד אוהב לשחק במחשבים ומכיר הרבה משחקי רשת	f	\N	\N	f	f
20	1	tag	נושא	Tag	Tag	Tag	English	אנגלית	t	black	#000000	f	f
17	1	profile	\N	\N	\N	\N	f 333s Profile	333	f	\N	\N	f	f
11	1	profile	פרופיל	פרופיל	Profile	Profile	Humtys Profile	0	f	black	#000000	f	t
18	1	profile	\N	\N	Profile	\N	New	111	f	\N	\N	f	f
\.


--
-- Data for Name: accupation; Type: TABLE DATA; Schema: public; Owner: postgres
--

COPY public.accupation (id) FROM stdin;
24
\.


--
-- Data for Name: age_range; Type: TABLE DATA; Schema: public; Owner: postgres
--

COPY public.age_range (id, from_age, to_age) FROM stdin;
19	6	12
\.


--
-- Data for Name: destination; Type: TABLE DATA; Schema: public; Owner: postgres
--

COPY public.destination (id) FROM stdin;
22
23
\.


--
-- Data for Name: resource; Type: TABLE DATA; Schema: public; Owner: postgres
--

COPY public.resource (id, type, author_id, title, body, selected, hide) FROM stdin;
\.


--
-- Data for Name: document; Type: TABLE DATA; Schema: public; Owner: postgres
--

COPY public.document (id) FROM stdin;
\.


--
-- Data for Name: general_txt_resource; Type: TABLE DATA; Schema: public; Owner: postgres
--

COPY public.general_txt_resource (general_txt_id, resource_id, title, selected, hide) FROM stdin;
\.


--
-- Data for Name: goal; Type: TABLE DATA; Schema: public; Owner: postgres
--

COPY public.goal (id) FROM stdin;
\.


--
-- Data for Name: menta_db; Type: TABLE DATA; Schema: public; Owner: postgres
--

COPY public.menta_db (id) FROM stdin;
\.


--
-- Data for Name: migrate_version; Type: TABLE DATA; Schema: public; Owner: postgres
--

COPY public.migrate_version (repository_id, repository_path, version) FROM stdin;
database repository	C:\\Users\\yasmi\\Documents\\menta4\\db_repository	364
\.


--
-- Data for Name: parent_child_relationship; Type: TABLE DATA; Schema: public; Owner: postgres
--

COPY public.parent_child_relationship (parent_id, child_id) FROM stdin;
22	19
22	20
22	21
23	19
23	20
23	21
25	20
11	25
\.


--
-- Data for Name: profile; Type: TABLE DATA; Schema: public; Owner: postgres
--

COPY public.profile (id) FROM stdin;
11
16
17
18
\.


--
-- Data for Name: psps_db; Type: TABLE DATA; Schema: public; Owner: postgres
--

COPY public.psps_db (id) FROM stdin;
\.


--
-- Data for Name: ufile; Type: TABLE DATA; Schema: public; Owner: postgres
--

COPY public.ufile (id, author_id, name, data, body, selected, hide) FROM stdin;
\.


--
-- Data for Name: resource_ufile_relationships; Type: TABLE DATA; Schema: public; Owner: postgres
--

COPY public.resource_ufile_relationships (resource_id, ufile_id) FROM stdin;
\.


--
-- Data for Name: student; Type: TABLE DATA; Schema: public; Owner: postgres
--

COPY public.student (id, first_name, last_name, birth_date, grade, background, author_id, registered_on, selected, hide) FROM stdin;
333	f 333	l 333	2003-03-03	3	333333333333333333333333333333333333333333333333333333333333333333	1	2020-04-15	f	f
111	f 111	l 111	0001-11-20	1	\N	1	2020-04-15	f	f
0	Humpty	Dumpty	2020-04-15	D	\N	1	2020-04-15	f	t
222	f 222	l 222	2002-02-02	2	2222222222222222222222222222222222222222222222222222222222222222222	1	2020-04-15	f	f
\.


--
-- Data for Name: teacher; Type: TABLE DATA; Schema: public; Owner: postgres
--

COPY public.teacher (id, first_name, last_name, birth_date, email, author_id, registered_on, profetional, selected, hide) FROM stdin;
111	t 111	t 111	2001-11-01 00:00:00	teacher222@gmail.com	1	2020-04-15	מחנכת	t	f
\.


--
-- Data for Name: role; Type: TABLE DATA; Schema: public; Owner: postgres
--

COPY public.role (student_id, teacher_id, title, selected) FROM stdin;
333	111	Teacher	f
111	111	Teacher	f
222	111	Teacher	f
\.


--
-- Data for Name: school; Type: TABLE DATA; Schema: public; Owner: postgres
--

COPY public.school (id) FROM stdin;
\.


--
-- Data for Name: scrt; Type: TABLE DATA; Schema: public; Owner: postgres
--

COPY public.scrt (id) FROM stdin;
21
\.


--
-- Data for Name: status; Type: TABLE DATA; Schema: public; Owner: postgres
--

COPY public.status (id) FROM stdin;
8
9
10
\.


--
-- Data for Name: std_general_txt; Type: TABLE DATA; Schema: public; Owner: postgres
--

COPY public.std_general_txt (student_id, general_txt_id, due_date, status_id, acc_id, scrt_id, editable, selected, hide) FROM stdin;
0	22	2020-04-15	\N	\N	21	t	f	f
333	22	2020-04-15	9	\N	\N	t	f	f
0	23	2020-04-15	\N	\N	21	t	f	f
222	23	2020-04-15	8	\N	\N	t	f	f
0	25	2020-04-15	\N	\N	\N	t	f	f
222	16	2020-04-15	\N	\N	\N	t	f	f
333	17	2020-04-15	\N	\N	\N	t	f	f
111	18	2020-04-15	\N	\N	\N	t	t	f
\.


--
-- Data for Name: std_resource; Type: TABLE DATA; Schema: public; Owner: postgres
--

COPY public.std_resource (student_id, resource_id, title, body, selected, hide, gt_id, goal_id, who_id, who_title, status_id, status_title, status_color, due_date) FROM stdin;
\.


--
-- Data for Name: strength; Type: TABLE DATA; Schema: public; Owner: postgres
--

COPY public.strength (id) FROM stdin;
\.


--
-- Data for Name: subject; Type: TABLE DATA; Schema: public; Owner: postgres
--

COPY public.subject (id) FROM stdin;
14
25
\.


--
-- Data for Name: tag; Type: TABLE DATA; Schema: public; Owner: postgres
--

COPY public.tag (id) FROM stdin;
20
\.


--
-- Data for Name: todo; Type: TABLE DATA; Schema: public; Owner: postgres
--

COPY public.todo (id) FROM stdin;
\.


--
-- Data for Name: weakness; Type: TABLE DATA; Schema: public; Owner: postgres
--

COPY public.weakness (id) FROM stdin;
\.


--
-- Name: general_txt_id_seq; Type: SEQUENCE SET; Schema: public; Owner: postgres
--

SELECT pg_catalog.setval('public.general_txt_id_seq', 25, true);


--
-- Name: menta_db_id_seq; Type: SEQUENCE SET; Schema: public; Owner: postgres
--

SELECT pg_catalog.setval('public.menta_db_id_seq', 1, false);


--
-- Name: psps_db_id_seq; Type: SEQUENCE SET; Schema: public; Owner: postgres
--

SELECT pg_catalog.setval('public.psps_db_id_seq', 1, false);


--
-- Name: resource_id_seq; Type: SEQUENCE SET; Schema: public; Owner: postgres
--

SELECT pg_catalog.setval('public.resource_id_seq', 1, false);


--
-- Name: student_id_seq; Type: SEQUENCE SET; Schema: public; Owner: postgres
--

SELECT pg_catalog.setval('public.student_id_seq', 1, true);


--
-- Name: teacher_id_seq; Type: SEQUENCE SET; Schema: public; Owner: postgres
--

SELECT pg_catalog.setval('public.teacher_id_seq', 1, false);


--
-- Name: ufile_id_seq; Type: SEQUENCE SET; Schema: public; Owner: postgres
--

SELECT pg_catalog.setval('public.ufile_id_seq', 1, false);


--
-- Name: user_id_seq; Type: SEQUENCE SET; Schema: public; Owner: postgres
--

SELECT pg_catalog.setval('public.user_id_seq', 1, true);


--
-- PostgreSQL database dump complete
--

